Companyname	attribute	value	fiscial_year	quarter	date_inserted	source	unit
Nelly	Nettoomsättning	236.4	2023	3	2026-04-02 13:20:48+00	report	MSEK
Nelly	Kostnad sålda varor	-116.6	2023	3	2026-04-02 13:20:48+00	report	MSEK
Nelly	Bruttoresultat	119.8	2023	3	2026-04-02 13:20:48+00	report	MSEK
Nelly	Bruttomarginal	50.7	2023	3	2026-04-02 13:20:48+00	report	%
Nelly	Lagerhanterings- och distributionskostnader	-33.7	2023	3	2026-04-02 13:20:48+00	report	MSEK
Nelly	Marknadsföringskostnader	-21.1	2023	3	2026-04-02 13:20:48+00	report	MSEK
Nelly	Administrations- och övriga rörelsekostnader	-52.1	2023	3	2026-04-02 13:20:48+00	report	MSEK
Nelly	Rörelseresultat	12.8	2023	3	2026-04-02 13:20:48+00	report	MSEK
Nelly	Rörelsemarginal	5.4	2023	3	2026-04-02 13:20:48+00	report	%
Nelly	Finansnetto	-3.5	2023	3	2026-04-02 13:20:48+00	report	MSEK
Nelly	Resultat före skatt	9.3	2023	3	2026-04-02 13:20:48+00	report	MSEK
Nelly	Skatt	-0.2	2023	3	2026-04-02 13:20:48+00	report	MSEK
Nelly	Resultat efter skatt	9.1	2023	3	2026-04-02 13:20:48+00	report	MSEK
Nelly	Resultat per aktie	0.3	2023	3	2026-04-02 13:20:48+00	report	SEK
Nelly	Utestående aktier	30.0	2023	3	2026-04-02 13:20:48+00	report	Milj
Nelly	Goodwill	39.7	2023	3	2026-04-02 13:20:48+00	report	MSEK
Nelly	Övriga immateriella anläggningstillgångar	24.1	2023	3	2026-04-02 13:20:48+00	report	MSEK
Nelly	Materiella anläggningstillgångar	12.8	2023	3	2026-04-02 13:20:48+00	report	MSEK
Nelly	Nyttjanderättstillgångar	275.2	2023	3	2026-04-02 13:20:48+00	report	MSEK
Nelly	Uppskjuten skattefordran	74.8	2023	3	2026-04-02 13:20:48+00	report	MSEK
Nelly	Depositioner	8.0	2023	3	2026-04-02 13:20:48+00	report	MSEK
Nelly	Summa anläggningstillgångar	434.7	2023	3	2026-04-02 13:20:48+00	report	MSEK
Nelly	Varulager	207.0	2023	3	2026-04-02 13:20:48+00	report	MSEK
Nelly	Kortfristiga ej räntebärande fordringar	53.8	2023	3	2026-04-02 13:20:48+00	report	MSEK
Nelly	Likvida medel	120.4	2023	3	2026-04-02 13:20:48+00	report	MSEK
Nelly	Summa omsättningstillgångar	381.1	2023	3	2026-04-02 13:20:48+00	report	MSEK
Nelly	Summa tillgångar	815.8	2023	3	2026-04-02 13:20:48+00	report	MSEK
Nelly	Summa eget kapital	158.7	2023	3	2026-04-02 13:20:48+00	report	MSEK
Nelly	Avsättningar	0.0	2023	3	2026-04-02 13:20:48+00	report	MSEK
Nelly	Leasingskulder (lång)	203.5	2023	3	2026-04-02 13:20:48+00	report	MSEK
Nelly	Summa långfristiga skulder	203.5	2023	3	2026-04-02 13:20:48+00	report	MSEK
Nelly	Leasingskulder (kort)	86.9	2023	3	2026-04-02 13:20:48+00	report	MSEK
Nelly	Leverantörsskulder	119.3	2023	3	2026-04-02 13:20:48+00	report	MSEK
Nelly	Övriga skulder (kort)	103.2	2023	3	2026-04-02 13:20:48+00	report	MSEK
Nelly	Upplupna kostnader och förutbetalda intäkter	144.2	2023	3	2026-04-02 13:20:48+00	report	MSEK
Nelly	Summa kortfristiga skulder	453.6	2023	3	2026-04-02 13:20:48+00	report	MSEK
Nelly	Summa eget kapital och skulder	815.8	2023	3	2026-04-02 13:20:48+00	report	MSEK
Nelly	Kassaflöde löpande verksamheten före förändringar i rörelsekapitalet	20.6	2023	3	2026-04-02 13:20:48+00	report	MSEK
Nelly	Förändringar i rörelsekapitalet	-34.4	2023	3	2026-04-02 13:20:48+00	report	MSEK
Nelly	Kassaflöde från rörelsen	-13.8	2023	3	2026-04-02 13:20:48+00	report	MSEK
Nelly	Investeringar i anläggningstillgångar	-8.9	2023	3	2026-04-02 13:20:48+00	report	MSEK
Nelly	Kassaflöde till/från investeringsverksamheten	-8.9	2023	3	2026-04-02 13:20:48+00	report	MSEK
Nelly	Kassaflöde till/från finansieringsverksamheten	-7.1	2023	3	2026-04-02 13:20:48+00	report	MSEK
Nelly	Periodens förändring av likvida medel	-29.7	2023	3	2026-04-02 13:20:48+00	report	MSEK
Nelly	Nettoomsättningstillväxt	-16.9	2023	3	2026-04-02 13:20:48+00	report	%
Nelly	Returgrad	34.3	2023	3	2026-04-02 13:20:48+00	report	%
Nelly	Lager som andel av nettoomsättning R12	18.1	2023	3	2026-04-02 13:20:48+00	report	%
Nelly	Försäljningsandel egna varumärken	39.4	2023	3	2026-04-02 13:20:48+00	report	%
Nelly	Lagerhanterings- och distributionskostnader som andel av nettoomsättningen	14.3	2023	3	2026-04-02 13:20:48+00	report	%
Nelly	Marknadsföringskostnader som andel av nettoomsättningen	8.9	2023	3	2026-04-02 13:20:48+00	report	%
Nelly	Antal aktiva kunder i Norden R12 (000)	1032	2023	3	2026-04-02 13:20:48+00	report	st
Nelly	Antal besök i Norden (000)	18956	2023	3	2026-04-02 13:20:48+00	report	st
Nelly	Antal ordrar i Norden (000)	393	2023	3	2026-04-02 13:20:48+00	report	st
Nelly	Genomsnittlig kundkorg i Norden	817	2023	3	2026-04-02 13:20:48+00	report	SEK
Nelly	Konverteringsgrad i Norden	2.1	2023	3	2026-04-02 13:20:48+00	report	%
Nelly	Antal anställda	148	2023	3	2026-04-02 13:20:48+00	report	st
Nelly	Andel kvinnliga anställda	59	2023	3	2026-04-02 13:20:48+00	report	%
Nelly	Avskrivningar av materiella anläggningstillgångar	-0.8	2023	3	2026-04-02 13:20:48+00	report	MSEK
Nelly	Avskrivningar av immateriella anläggningstillgångar	-2.6	2023	3	2026-04-02 13:20:48+00	report	MSEK
Nelly	Avskrivningar (ej inkluderat IFRS 16)	-3.3	2023	3	2026-04-02 13:20:48+00	report	MSEK
Nelly	Avskrivningar av nyttjanderättstillgångar	-8.5	2023	3	2026-04-02 13:20:48+00	report	MSEK
Nelly	Avskrivningar (Inkluderat IFRS 16)	-11.8	2023	3	2026-04-02 13:20:48+00	report	MSEK
Nelly	Nettoomsättning Sverige	120.8	2023	3	2026-04-02 13:20:48+00	report	MSEK
Nelly	Nettoomsättning Norden inklusive Sverige	233.7	2023	3	2026-04-02 13:20:48+00	report	MSEK
Nelly	Nettoomsättning Övriga världen	2.7	2023	3	2026-04-02 13:20:48+00	report	MSEK
Nelly	Nettoomsättning	301.6	2023	4	2026-04-02 13:20:48+00	report	MSEK
Nelly	Kostnad sålda varor	-150.7	2023	4	2026-04-02 13:20:48+00	report	MSEK
Nelly	Bruttoresultat	150.9	2023	4	2026-04-02 13:20:48+00	report	MSEK
Nelly	Bruttomarginal	50.0	2023	4	2026-04-02 13:20:48+00	report	%
Nelly	Lagerhanterings- och distributionskostnader	-45.6	2023	4	2026-04-02 13:20:48+00	report	MSEK
Nelly	Marknadsföringskostnader	-26.0	2023	4	2026-04-02 13:20:48+00	report	MSEK
Nelly	Administrations- och övriga rörelsekostnader	-55.3	2023	4	2026-04-02 13:20:48+00	report	MSEK
Nelly	Rörelseresultat	24.0	2023	4	2026-04-02 13:20:48+00	report	MSEK
Nelly	Rörelsemarginal	8.0	2023	4	2026-04-02 13:20:48+00	report	%
Nelly	Finansnetto	-4.6	2023	4	2026-04-02 13:20:48+00	report	MSEK
Nelly	Resultat före skatt	19.4	2023	4	2026-04-02 13:20:48+00	report	MSEK
Nelly	Skatt	0.3	2023	4	2026-04-02 13:20:48+00	report	MSEK
Nelly	Resultat efter skatt	19.7	2023	4	2026-04-02 13:20:48+00	report	MSEK
Nelly	Resultat per aktie	0.66	2023	4	2026-04-02 13:20:48+00	report	SEK
Nelly	Utestående aktier	30.0	2023	4	2026-04-02 13:20:48+00	report	Milj
Nelly	Goodwill	39.7	2023	4	2026-04-02 13:20:48+00	report	MSEK
Nelly	Övriga immateriella anläggningstillgångar	28.0	2023	4	2026-04-02 13:20:48+00	report	MSEK
Nelly	Materiella anläggningstillgångar	16.3	2023	4	2026-04-02 13:20:48+00	report	MSEK
Nelly	Nyttjanderättstillgångar	267.0	2023	4	2026-04-02 13:20:48+00	report	MSEK
Nelly	Uppskjuten skattefordran	75.1	2023	4	2026-04-02 13:20:48+00	report	MSEK
Nelly	Depositioner	8.0	2023	4	2026-04-02 13:20:48+00	report	MSEK
Nelly	Summa anläggningstillgångar	434.2	2023	4	2026-04-02 13:20:48+00	report	MSEK
Nelly	Varulager	152.3	2023	4	2026-04-02 13:20:48+00	report	MSEK
Nelly	Kortfristiga ej räntebärande fordringar	62.3	2023	4	2026-04-02 13:20:48+00	report	MSEK
Nelly	Likvida medel	151.1	2023	4	2026-04-02 13:20:48+00	report	MSEK
Nelly	Summa omsättningstillgångar	365.7	2023	4	2026-04-02 13:20:48+00	report	MSEK
Nelly	Summa tillgångar	799.8	2023	4	2026-04-02 13:20:48+00	report	MSEK
Nelly	Summa eget kapital	178.6	2023	4	2026-04-02 13:20:48+00	report	MSEK
Nelly	Avsättningar	0.0	2023	4	2026-04-02 13:20:48+00	report	MSEK
Nelly	Leasingskulder (lång)	183.3	2023	4	2026-04-02 13:20:48+00	report	MSEK
Nelly	Summa långfristiga skulder	183.3	2023	4	2026-04-02 13:20:48+00	report	MSEK
Nelly	Leasingskulder (kort)	100.3	2023	4	2026-04-02 13:20:48+00	report	MSEK
Nelly	Leverantörsskulder	90.4	2023	4	2026-04-02 13:20:48+00	report	MSEK
Nelly	Övriga skulder (kort)	110.4	2023	4	2026-04-02 13:20:48+00	report	MSEK
Nelly	Upplupna kostnader och förutbetalda intäkter	136.8	2023	4	2026-04-02 13:20:48+00	report	MSEK
Nelly	Summa kortfristiga skulder	438.0	2023	4	2026-04-02 13:20:48+00	report	MSEK
Nelly	Summa eget kapital och skulder	799.8	2023	4	2026-04-02 13:20:48+00	report	MSEK
Nelly	Kassaflöde löpande verksamheten före förändringar i rörelsekapitalet	36.8	2023	4	2026-04-02 13:20:48+00	report	MSEK
Nelly	Förändringar i rörelsekapitalet	13.6	2023	4	2026-04-02 13:20:48+00	report	MSEK
Nelly	Kassaflöde från rörelsen	50.4	2023	4	2026-04-02 13:20:48+00	report	MSEK
Nelly	Investeringar i anläggningstillgångar	-11.0	2023	4	2026-04-02 13:20:48+00	report	MSEK
Nelly	Kassaflöde till/från investeringsverksamheten	-11.0	2023	4	2026-04-02 13:20:48+00	report	MSEK
Nelly	Kassaflöde till/från finansieringsverksamheten	-7.8	2023	4	2026-04-02 13:20:48+00	report	MSEK
Nelly	Periodens förändring av likvida medel	31.6	2023	4	2026-04-02 13:20:48+00	report	MSEK
Nelly	Nettoomsättningstillväxt	-22.1	2023	4	2026-04-02 13:20:48+00	report	%
Nelly	Returgrad	33.0	2023	4	2026-04-02 13:20:48+00	report	%
Nelly	Lager som andel av nettoomsättning R12	14.4	2023	4	2026-04-02 13:20:48+00	report	%
Nelly	Försäljningsandel egna varumärken	36.3	2023	4	2026-04-02 13:20:48+00	report	%
Nelly	Lagerhanterings- och distributionskostnader som andel av nettoomsättningen	15.1	2023	4	2026-04-02 13:20:48+00	report	%
Nelly	Marknadsföringskostnader som andel av nettoomsättningen	8.6	2023	4	2026-04-02 13:20:48+00	report	%
Nelly	Antal aktiva kunder i Norden R12 (000)	973	2023	4	2026-04-02 13:20:48+00	report	st
Nelly	Antal besök i Norden (000)	23736	2023	4	2026-04-02 13:20:48+00	report	st
Nelly	Antal ordrar i Norden (000)	512	2023	4	2026-04-02 13:20:48+00	report	st
Nelly	Genomsnittlig kundkorg i Norden	771	2023	4	2026-04-02 13:20:48+00	report	SEK
Nelly	Konverteringsgrad i Norden	2.2	2023	4	2026-04-02 13:20:48+00	report	%
Nelly	Antal anställda	153	2023	4	2026-04-02 13:20:48+00	report	st
Nelly	Andel kvinnliga anställda	62	2023	4	2026-04-02 13:20:48+00	report	%
Nelly	Avskrivningar av materiella anläggningstillgångar	-1.2	2023	4	2026-04-02 13:20:48+00	report	MSEK
Nelly	Avskrivningar av immateriella anläggningstillgångar	-2.3	2023	4	2026-04-02 13:20:48+00	report	MSEK
Nelly	Avskrivningar (ej inkluderat IFRS 16)	-3.5	2023	4	2026-04-02 13:20:48+00	report	MSEK
Nelly	Avskrivningar av nyttjanderättstillgångar	-9.3	2023	4	2026-04-02 13:20:48+00	report	MSEK
Nelly	Avskrivningar (Inkluderat IFRS 16)	-12.8	2023	4	2026-04-02 13:20:48+00	report	MSEK
Nelly	Nettoomsättning Sverige	158.0	2023	4	2026-04-02 13:20:48+00	report	MSEK
Nelly	Nettoomsättning Norden inklusive Sverige	297.5	2023	4	2026-04-02 13:20:48+00	report	MSEK
Nelly	Nettoomsättning Övriga världen	4.2	2023	4	2026-04-02 13:20:48+00	report	MSEK
Nelly	Nettoomsättning	222.2	2024	1	2026-04-02 13:20:48+00	report	MSEK
Nelly	Kostnad sålda varor	-113.1	2024	1	2026-04-02 13:20:48+00	report	MSEK
Nelly	Bruttoresultat	109.1	2024	1	2026-04-02 13:20:48+00	report	MSEK
Nelly	Bruttomarginal	49.1	2024	1	2026-04-02 13:20:48+00	report	%
Nelly	Lagerhanterings- och distributionskostnader	-32.4	2024	1	2026-04-02 13:20:48+00	report	MSEK
Nelly	Marknadsföringskostnader	-21.3	2024	1	2026-04-02 13:20:48+00	report	MSEK
Nelly	Administrations- och övriga rörelsekostnader	-54.1	2024	1	2026-04-02 13:20:48+00	report	MSEK
Nelly	Rörelseresultat	1.4	2024	1	2026-04-02 13:20:48+00	report	MSEK
Nelly	Rörelsemarginal	0.6	2024	1	2026-04-02 13:20:48+00	report	%
Nelly	Finansnetto	-3.6	2024	1	2026-04-02 13:20:48+00	report	MSEK
Nelly	Resultat före skatt	-2.2	2024	1	2026-04-02 13:20:48+00	report	MSEK
Nelly	Skatt	0.3	2024	1	2026-04-02 13:20:48+00	report	MSEK
Nelly	Resultat efter skatt	-1.9	2024	1	2026-04-02 13:20:48+00	report	MSEK
Nelly	Resultat per aktie	-0.06	2024	1	2026-04-02 13:20:48+00	report	SEK
Nelly	Utestående aktier	30.0	2024	1	2026-04-02 13:20:48+00	report	Milj
Nelly	Goodwill	39.7	2024	1	2026-04-02 13:20:48+00	report	MSEK
Nelly	Övriga immateriella anläggningstillgångar	34.6	2024	1	2026-04-02 13:20:48+00	report	MSEK
Nelly	Materiella anläggningstillgångar	15.9	2024	1	2026-04-02 13:20:48+00	report	MSEK
Nelly	Nyttjanderättstillgångar	257.9	2024	1	2026-04-02 13:20:48+00	report	MSEK
Nelly	Uppskjuten skattefordran	75.4	2024	1	2026-04-02 13:20:48+00	report	MSEK
Nelly	Depositioner	11.2	2024	1	2026-04-02 13:20:48+00	report	MSEK
Nelly	Summa anläggningstillgångar	434.8	2024	1	2026-04-02 13:20:48+00	report	MSEK
Nelly	Varulager	174.5	2024	1	2026-04-02 13:20:48+00	report	MSEK
Nelly	Kortfristiga ej räntebärande fordringar	65.6	2024	1	2026-04-02 13:20:48+00	report	MSEK
Nelly	Likvida medel	126.0	2024	1	2026-04-02 13:20:48+00	report	MSEK
Nelly	Summa omsättningstillgångar	366.0	2024	1	2026-04-02 13:20:48+00	report	MSEK
Nelly	Summa tillgångar	800.8	2024	1	2026-04-02 13:20:48+00	report	MSEK
Nelly	Summa eget kapital	176.6	2024	1	2026-04-02 13:20:48+00	report	MSEK
Nelly	Avsättningar	0.0	2024	1	2026-04-02 13:20:48+00	report	MSEK
Nelly	Leasingskulder (lång)	177.8	2024	1	2026-04-02 13:20:48+00	report	MSEK
Nelly	Summa långfristiga skulder	177.8	2024	1	2026-04-02 13:20:48+00	report	MSEK
Nelly	Leasingskulder (kort)	98.3	2024	1	2026-04-02 13:20:48+00	report	MSEK
Nelly	Leverantörsskulder	105.1	2024	1	2026-04-02 13:20:48+00	report	MSEK
Nelly	Övriga skulder (kort)	102.9	2024	1	2026-04-02 13:20:48+00	report	MSEK
Nelly	Upplupna kostnader och förutbetalda intäkter	140.1	2024	1	2026-04-02 13:20:48+00	report	MSEK
Nelly	Summa kortfristiga skulder	446.5	2024	1	2026-04-02 13:20:48+00	report	MSEK
Nelly	Summa eget kapital och skulder	800.8	2024	1	2026-04-02 13:20:48+00	report	MSEK
Nelly	Kassaflöde löpande verksamheten före förändringar i rörelsekapitalet	11.7	2024	1	2026-04-02 13:20:48+00	report	MSEK
Nelly	Förändringar i rörelsekapitalet	-16.2	2024	1	2026-04-02 13:20:48+00	report	MSEK
Nelly	Kassaflöde från rörelsen	-4.5	2024	1	2026-04-02 13:20:48+00	report	MSEK
Nelly	Investeringar i anläggningstillgångar	-9.6	2024	1	2026-04-02 13:20:48+00	report	MSEK
Nelly	Kassaflöde till/från investeringsverksamheten	-9.6	2024	1	2026-04-02 13:20:48+00	report	MSEK
Nelly	Kassaflöde till/från finansieringsverksamheten	-11.0	2024	1	2026-04-02 13:20:48+00	report	MSEK
Nelly	Periodens förändring av likvida medel	-25.1	2024	1	2026-04-02 13:20:48+00	report	MSEK
Nelly	Nettoomsättningstillväxt	-5.1	2024	1	2026-04-02 13:20:48+00	report	%
Nelly	Returgrad	33.4	2024	1	2026-04-02 13:20:48+00	report	%
Nelly	Lager som andel av nettoomsättning R12	16.6	2024	1	2026-04-02 13:20:48+00	report	%
Nelly	Försäljningsandel egna varumärken	39.9	2024	1	2026-04-02 13:20:48+00	report	%
Nelly	Lagerhanterings- och distributionskostnader som andel av nettoomsättningen	14.6	2024	1	2026-04-02 13:20:48+00	report	%
Nelly	Marknadsföringskostnader som andel av nettoomsättningen	9.6	2024	1	2026-04-02 13:20:48+00	report	%
Nelly	Antal aktiva kunder i Norden R12 (000)	943	2024	1	2026-04-02 13:20:48+00	report	st
Nelly	Antal besök i Norden (000)	19008	2024	1	2026-04-02 13:20:48+00	report	st
Nelly	Antal ordrar i Norden (000)	369	2024	1	2026-04-02 13:20:48+00	report	st
Nelly	Genomsnittlig kundkorg i Norden	810	2024	1	2026-04-02 13:20:48+00	report	SEK
Nelly	Konverteringsgrad i Norden	1.9	2024	1	2026-04-02 13:20:48+00	report	%
Nelly	Antal anställda	150	2024	1	2026-04-02 13:20:48+00	report	st
Nelly	Andel kvinnliga anställda	62	2024	1	2026-04-02 13:20:48+00	report	%
Nelly	Avskrivningar av materiella anläggningstillgångar	-1.2	2024	1	2026-04-02 13:20:48+00	report	MSEK
Nelly	Avskrivningar av immateriella anläggningstillgångar	-2.2	2024	1	2026-04-02 13:20:48+00	report	MSEK
Nelly	Avskrivningar (ej inkluderat IFRS 16)	-3.4	2024	1	2026-04-02 13:20:48+00	report	MSEK
Nelly	Avskrivningar av nyttjanderättstillgångar	-9.3	2024	1	2026-04-02 13:20:48+00	report	MSEK
Nelly	Avskrivningar (Inkluderat IFRS 16)	-12.7	2024	1	2026-04-02 13:20:48+00	report	MSEK
Nelly	Nettoomsättning Sverige	112.6	2024	1	2026-04-02 13:20:48+00	report	MSEK
Nelly	Nettoomsättning Norden inklusive Sverige	219.2	2024	1	2026-04-02 13:20:48+00	report	MSEK
Nelly	Nettoomsättning Övriga världen	3.0	2024	1	2026-04-02 13:20:48+00	report	MSEK
Nelly	Nettoomsättning	314.1	2024	2	2026-04-02 13:20:48+00	report	MSEK
Nelly	Kostnad sålda varor	-142.2	2024	2	2026-04-02 13:20:48+00	report	MSEK
Nelly	Bruttoresultat	171.9	2024	2	2026-04-02 13:20:48+00	report	MSEK
Nelly	Bruttomarginal	54.7	2024	2	2026-04-02 13:20:48+00	report	%
Nelly	Lagerhanterings- och distributionskostnader	-42.1	2024	2	2026-04-02 13:20:48+00	report	MSEK
Nelly	Marknadsföringskostnader	-40.9	2024	2	2026-04-02 13:20:48+00	report	MSEK
Nelly	Administrations- och övriga rörelsekostnader	-58.5	2024	2	2026-04-02 13:20:48+00	report	MSEK
Nelly	Rörelseresultat	30.5	2024	2	2026-04-02 13:20:48+00	report	MSEK
Nelly	Rörelsemarginal	9.7	2024	2	2026-04-02 13:20:48+00	report	%
Nelly	Finansnetto	-4.0	2024	2	2026-04-02 13:20:48+00	report	MSEK
Nelly	Resultat före skatt	26.4	2024	2	2026-04-02 13:20:48+00	report	MSEK
Nelly	Skatt	0.3	2024	2	2026-04-02 13:20:48+00	report	MSEK
Nelly	Resultat efter skatt	26.7	2024	2	2026-04-02 13:20:48+00	report	MSEK
Nelly	Resultat per aktie	0.89	2024	2	2026-04-02 13:20:48+00	report	SEK
Nelly	Utestående aktier	30.0	2024	2	2026-04-02 13:20:48+00	report	Milj
Nelly	Goodwill	39.7	2024	2	2026-04-02 13:20:48+00	report	MSEK
Nelly	Övriga immateriella anläggningstillgångar	39.6	2024	2	2026-04-02 13:20:48+00	report	MSEK
Nelly	Materiella anläggningstillgångar	14.6	2024	2	2026-04-02 13:20:48+00	report	MSEK
Nelly	Nyttjanderättstillgångar	248.9	2024	2	2026-04-02 13:20:48+00	report	MSEK
Nelly	Uppskjuten skattefordran	75.7	2024	2	2026-04-02 13:20:48+00	report	MSEK
Nelly	Depositioner	8.0	2024	2	2026-04-02 13:20:48+00	report	MSEK
Nelly	Summa anläggningstillgångar	426.6	2024	2	2026-04-02 13:20:48+00	report	MSEK
Nelly	Varulager	155.8	2024	2	2026-04-02 13:20:48+00	report	MSEK
Nelly	Kortfristiga ej räntebärande fordringar	52.2	2024	2	2026-04-02 13:20:48+00	report	MSEK
Nelly	Likvida medel	219.9	2024	2	2026-04-02 13:20:48+00	report	MSEK
Nelly	Summa omsättningstillgångar	427.9	2024	2	2026-04-02 13:20:48+00	report	MSEK
Nelly	Summa tillgångar	854.5	2024	2	2026-04-02 13:20:48+00	report	MSEK
Nelly	Summa eget kapital	203.3	2024	2	2026-04-02 13:20:48+00	report	MSEK
Nelly	Avsättningar	0.0	2024	2	2026-04-02 13:20:48+00	report	MSEK
Nelly	Leasingskulder (lång)	172.2	2024	2	2026-04-02 13:20:48+00	report	MSEK
Nelly	Summa långfristiga skulder	172.2	2024	2	2026-04-02 13:20:48+00	report	MSEK
Nelly	Leasingskulder (kort)	96.2	2024	2	2026-04-02 13:20:48+00	report	MSEK
Nelly	Leverantörsskulder	123.7	2024	2	2026-04-02 13:20:48+00	report	MSEK
Nelly	Övriga skulder (kort)	110.2	2024	2	2026-04-02 13:20:48+00	report	MSEK
Nelly	Upplupna kostnader och förutbetalda intäkter	148.9	2024	2	2026-04-02 13:20:48+00	report	MSEK
Nelly	Summa kortfristiga skulder	478.9	2024	2	2026-04-02 13:20:48+00	report	MSEK
Nelly	Summa eget kapital och skulder	854.5	2024	2	2026-04-02 13:20:48+00	report	MSEK
Nelly	Kassaflöde löpande verksamheten före förändringar i rörelsekapitalet	38.4	2024	2	2026-04-02 13:20:48+00	report	MSEK
Nelly	Förändringar i rörelsekapitalet	67.4	2024	2	2026-04-02 13:20:48+00	report	MSEK
Nelly	Kassaflöde från rörelsen	105.8	2024	2	2026-04-02 13:20:48+00	report	MSEK
Nelly	Investeringar i anläggningstillgångar	-7.2	2024	2	2026-04-02 13:20:48+00	report	MSEK
Nelly	Kassaflöde till/från investeringsverksamheten	-7.2	2024	2	2026-04-02 13:20:48+00	report	MSEK
Nelly	Kassaflöde till/från finansieringsverksamheten	-4.7	2024	2	2026-04-02 13:20:48+00	report	MSEK
Nelly	Periodens förändring av likvida medel	93.9	2024	2	2026-04-02 13:20:48+00	report	MSEK
Nelly	Nettoomsättningstillväxt	8.8	2024	2	2026-04-02 13:20:48+00	report	%
Nelly	Returgrad	31.3	2024	2	2026-04-02 13:20:48+00	report	%
Nelly	Lager som andel av nettoomsättning R12	14.5	2024	2	2026-04-02 13:20:48+00	report	%
Nelly	Försäljningsandel egna varumärken	43.8	2024	2	2026-04-02 13:20:48+00	report	%
Nelly	Lagerhanterings- och distributionskostnader som andel av nettoomsättningen	13.4	2024	2	2026-04-02 13:20:48+00	report	%
Nelly	Marknadsföringskostnader som andel av nettoomsättningen	13.0	2024	2	2026-04-02 13:20:48+00	report	%
Nelly	Antal aktiva kunder i Norden R12 (000)	926	2024	2	2026-04-02 13:20:48+00	report	st
Nelly	Antal besök i Norden (000)	24826	2024	2	2026-04-02 13:20:48+00	report	st
Nelly	Antal ordrar i Norden (000)	502	2024	2	2026-04-02 13:20:48+00	report	st
Nelly	Genomsnittlig kundkorg i Norden	809	2024	2	2026-04-02 13:20:48+00	report	SEK
Nelly	Konverteringsgrad i Norden	2.0	2024	2	2026-04-02 13:20:48+00	report	%
Nelly	Antal anställda	151	2024	2	2026-04-02 13:20:48+00	report	st
Nelly	Andel kvinnliga anställda	60	2024	2	2026-04-02 13:20:48+00	report	%
Nelly	Avskrivningar av materiella anläggningstillgångar	-1.3	2024	2	2026-04-02 13:20:48+00	report	MSEK
Nelly	Avskrivningar av immateriella anläggningstillgångar	-2.2	2024	2	2026-04-02 13:20:48+00	report	MSEK
Nelly	Avskrivningar (ej inkluderat IFRS 16)	-3.5	2024	2	2026-04-02 13:20:48+00	report	MSEK
Nelly	Avskrivningar av nyttjanderättstillgångar	-9.3	2024	2	2026-04-02 13:20:48+00	report	MSEK
Nelly	Avskrivningar (Inkluderat IFRS 16)	-12.8	2024	2	2026-04-02 13:20:48+00	report	MSEK
Nelly	Nettoomsättning Sverige	163.6	2024	2	2026-04-02 13:20:48+00	report	MSEK
Nelly	Nettoomsättning Norden inklusive Sverige	310.9	2024	2	2026-04-02 13:20:48+00	report	MSEK
Nelly	Nettoomsättning Övriga världen	3.1	2024	2	2026-04-02 13:20:48+00	report	MSEK
Nelly	Nettoomsättning	239.6	2024	3	2026-04-02 13:20:48+00	report	MSEK
Nelly	Kostnad sålda varor	-109.0	2024	3	2026-04-02 13:20:48+00	report	MSEK
Nelly	Bruttoresultat	130.7	2024	3	2026-04-02 13:20:48+00	report	MSEK
Nelly	Bruttomarginal	54.5	2024	3	2026-04-02 13:20:48+00	report	%
Nelly	Lagerhanterings- och distributionskostnader	-28.0	2024	3	2026-04-02 13:20:48+00	report	MSEK
Nelly	Marknadsföringskostnader	-23.8	2024	3	2026-04-02 13:20:48+00	report	MSEK
Nelly	Administrations- och övriga rörelsekostnader	-53.8	2024	3	2026-04-02 13:20:48+00	report	MSEK
Nelly	Rörelseresultat	25.1	2024	3	2026-04-02 13:20:48+00	report	MSEK
Nelly	Rörelsemarginal	10.5	2024	3	2026-04-02 13:20:48+00	report	%
Nelly	Finansnetto	-3.1	2024	3	2026-04-02 13:20:48+00	report	MSEK
Nelly	Resultat före skatt	22.0	2024	3	2026-04-02 13:20:48+00	report	MSEK
Nelly	Skatt	0.3	2024	3	2026-04-02 13:20:48+00	report	MSEK
Nelly	Resultat efter skatt	22.3	2024	3	2026-04-02 13:20:48+00	report	MSEK
Nelly	Resultat per aktie	0.74	2024	3	2026-04-02 13:20:48+00	report	SEK
Nelly	Utestående aktier	30.0	2024	3	2026-04-02 13:20:48+00	report	Milj
Nelly	Goodwill	39.7	2024	3	2026-04-02 13:20:48+00	report	MSEK
Nelly	Övriga immateriella anläggningstillgångar	39.9	2024	3	2026-04-02 13:20:48+00	report	MSEK
Nelly	Materiella anläggningstillgångar	13.4	2024	3	2026-04-02 13:20:48+00	report	MSEK
Nelly	Nyttjanderättstillgångar	239.7	2024	3	2026-04-02 13:20:48+00	report	MSEK
Nelly	Uppskjuten skattefordran	76.0	2024	3	2026-04-02 13:20:48+00	report	MSEK
Nelly	Depositioner	8.0	2024	3	2026-04-02 13:20:48+00	report	MSEK
Nelly	Summa anläggningstillgångar	416.7	2024	3	2026-04-02 13:20:48+00	report	MSEK
Nelly	Varulager	186.8	2024	3	2026-04-02 13:20:48+00	report	MSEK
Nelly	Kortfristiga ej räntebärande fordringar	41.9	2024	3	2026-04-02 13:20:48+00	report	MSEK
Nelly	Likvida medel	190.4	2024	3	2026-04-02 13:20:48+00	report	MSEK
Nelly	Summa omsättningstillgångar	419.1	2024	3	2026-04-02 13:20:48+00	report	MSEK
Nelly	Summa tillgångar	835.8	2024	3	2026-04-02 13:20:48+00	report	MSEK
Nelly	Summa eget kapital	225.7	2024	3	2026-04-02 13:20:48+00	report	MSEK
Nelly	Avsättningar	0.0	2024	3	2026-04-02 13:20:48+00	report	MSEK
Nelly	Övriga skulder (lång)	69.6	2024	3	2026-04-02 13:20:48+00	report	MSEK
Nelly	Leasingskulder (lång)	166.6	2024	3	2026-04-02 13:20:48+00	report	MSEK
Nelly	Summa långfristiga skulder	236.2	2024	3	2026-04-02 13:20:48+00	report	MSEK
Nelly	Leasingskulder (kort)	94.0	2024	3	2026-04-02 13:20:48+00	report	MSEK
Nelly	Leverantörsskulder	115.7	2024	3	2026-04-02 13:20:48+00	report	MSEK
Nelly	Övriga skulder (kort)	46.8	2024	3	2026-04-02 13:20:48+00	report	MSEK
Nelly	Upplupna kostnader och förutbetalda intäkter	117.4	2024	3	2026-04-02 13:20:48+00	report	MSEK
Nelly	Summa kortfristiga skulder	373.9	2024	3	2026-04-02 13:20:48+00	report	MSEK
Nelly	Summa eget kapital och skulder	835.8	2024	3	2026-04-02 13:20:48+00	report	MSEK
Nelly	Kassaflöde löpande verksamheten före förändringar i rörelsekapitalet	34.7	2024	3	2026-04-02 13:20:48+00	report	MSEK
Nelly	Förändringar i rörelsekapitalet	-53.2	2024	3	2026-04-02 13:20:48+00	report	MSEK
Nelly	Kassaflöde från rörelsen	-18.5	2024	3	2026-04-02 13:20:48+00	report	MSEK
Nelly	Investeringar i anläggningstillgångar	-3.1	2024	3	2026-04-02 13:20:48+00	report	MSEK
Nelly	Kassaflöde till/från investeringsverksamheten	-3.1	2024	3	2026-04-02 13:20:48+00	report	MSEK
Nelly	Kassaflöde till/från finansieringsverksamheten	-7.9	2024	3	2026-04-02 13:20:48+00	report	MSEK
Nelly	Periodens förändring av likvida medel	-29.5	2024	3	2026-04-02 13:20:48+00	report	MSEK
Nelly	Nettoomsättningstillväxt	1.4	2024	3	2026-04-02 13:20:48+00	report	%
Nelly	Returgrad	27.1	2024	3	2026-04-02 13:20:48+00	report	%
Nelly	Lager som andel av nettoomsättning R12	17.3	2024	3	2026-04-02 13:20:48+00	report	%
Nelly	Försäljningsandel egna varumärken	45.2	2024	3	2026-04-02 13:20:48+00	report	%
Nelly	Lagerhanterings- och distributionskostnader som andel av nettoomsättningen	11.7	2024	3	2026-04-02 13:20:48+00	report	%
Nelly	Marknadsföringskostnader som andel av nettoomsättningen	9.9	2024	3	2026-04-02 13:20:48+00	report	%
Nelly	Antal aktiva kunder i Norden R12 (000)	911	2024	3	2026-04-02 13:20:48+00	report	st
Nelly	Antal besök i Norden (000)	19186	2024	3	2026-04-02 13:20:48+00	report	st
Nelly	Antal ordrar i Norden (000)	352	2024	3	2026-04-02 13:20:48+00	report	st
Nelly	Genomsnittlig kundkorg i Norden	832	2024	3	2026-04-02 13:20:48+00	report	SEK
Nelly	Konverteringsgrad i Norden	1.8	2024	3	2026-04-02 13:20:48+00	report	%
Nelly	Antal anställda	151	2024	3	2026-04-02 13:20:48+00	report	st
Nelly	Andel kvinnliga anställda	64	2024	3	2026-04-02 13:20:48+00	report	%
Nelly	Avskrivningar av materiella anläggningstillgångar	-1.2	2024	3	2026-04-02 13:20:48+00	report	MSEK
Nelly	Avskrivningar av immateriella anläggningstillgångar	-2.7	2024	3	2026-04-02 13:20:48+00	report	MSEK
Nelly	Avskrivningar (ej inkluderat IFRS 16)	-3.9	2024	3	2026-04-02 13:20:48+00	report	MSEK
Nelly	Avskrivningar av nyttjanderättstillgångar	-9.3	2024	3	2026-04-02 13:20:48+00	report	MSEK
Nelly	Avskrivningar (Inkluderat IFRS 16)	-13.2	2024	3	2026-04-02 13:20:48+00	report	MSEK
Nelly	Nettoomsättning Sverige	122.7	2024	3	2026-04-02 13:20:48+00	report	MSEK
Nelly	Nettoomsättning Norden inklusive Sverige	235.0	2024	3	2026-04-02 13:20:48+00	report	MSEK
Nelly	Nettoomsättning Övriga världen	4.6	2024	3	2026-04-02 13:20:48+00	report	MSEK
Nelly	Nettoomsättning	318.4	2024	4	2026-04-02 13:20:48+00	report	MSEK
Nelly	Kostnad sålda varor	-148.7	2024	4	2026-04-02 13:20:48+00	report	MSEK
Nelly	Bruttoresultat	169.7	2024	4	2026-04-02 13:20:48+00	report	MSEK
Nelly	Bruttomarginal	53.3	2024	4	2026-04-02 13:20:48+00	report	%
Nelly	Lagerhanterings- och distributionskostnader	-40.5	2024	4	2026-04-02 13:20:48+00	report	MSEK
Nelly	Marknadsföringskostnader	-31.0	2024	4	2026-04-02 13:20:48+00	report	MSEK
Nelly	Administrations- och övriga rörelsekostnader	-61.9	2024	4	2026-04-02 13:20:48+00	report	MSEK
Nelly	Rörelseresultat	36.2	2024	4	2026-04-02 13:20:48+00	report	MSEK
Nelly	Rörelsemarginal	11.4	2024	4	2026-04-02 13:20:48+00	report	%
Nelly	Finansnetto	-0.1	2024	4	2026-04-02 13:20:48+00	report	MSEK
Nelly	Resultat före skatt	36.1	2024	4	2026-04-02 13:20:48+00	report	MSEK
Nelly	Skatt	0.2	2024	4	2026-04-02 13:20:48+00	report	MSEK
Nelly	Resultat efter skatt	36.3	2024	4	2026-04-02 13:20:48+00	report	MSEK
Nelly	Resultat per aktie	1.21	2024	4	2026-04-02 13:20:48+00	report	SEK
Nelly	Utestående aktier	30.0	2024	4	2026-04-02 13:20:48+00	report	Milj
Nelly	Goodwill	39.7	2024	4	2026-04-02 13:20:48+00	report	MSEK
Nelly	Övriga immateriella anläggningstillgångar	38.3	2024	4	2026-04-02 13:20:48+00	report	MSEK
Nelly	Materiella anläggningstillgångar	12.6	2024	4	2026-04-02 13:20:48+00	report	MSEK
Nelly	Nyttjanderättstillgångar	238.4	2024	4	2026-04-02 13:20:48+00	report	MSEK
Nelly	Uppskjuten skattefordran	76.2	2024	4	2026-04-02 13:20:48+00	report	MSEK
Nelly	Depositioner	38.0	2024	4	2026-04-02 13:20:48+00	report	MSEK
Nelly	Summa anläggningstillgångar	443.3	2024	4	2026-04-02 13:20:48+00	report	MSEK
Nelly	Varulager	172.6	2024	4	2026-04-02 13:20:48+00	report	MSEK
Nelly	Kortfristiga ej räntebärande fordringar	55.0	2024	4	2026-04-02 13:20:48+00	report	MSEK
Nelly	Likvida medel	196.9	2024	4	2026-04-02 13:20:48+00	report	MSEK
Nelly	Summa omsättningstillgångar	424.6	2024	4	2026-04-02 13:20:48+00	report	MSEK
Nelly	Summa tillgångar	867.8	2024	4	2026-04-02 13:20:48+00	report	MSEK
Nelly	Summa eget kapital	237.1	2024	4	2026-04-02 13:20:48+00	report	MSEK
Nelly	Avsättningar	0.0	2024	4	2026-04-02 13:20:48+00	report	MSEK
Nelly	Övriga skulder (lång)	42.9	2024	4	2026-04-02 13:20:48+00	report	MSEK
Nelly	Leasingskulder (lång)	224.6	2024	4	2026-04-02 13:20:48+00	report	MSEK
Nelly	Summa långfristiga skulder	267.5	2024	4	2026-04-02 13:20:48+00	report	MSEK
Nelly	Leasingskulder (kort)	35.8	2024	4	2026-04-02 13:20:48+00	report	MSEK
Nelly	Leverantörsskulder	85.4	2024	4	2026-04-02 13:20:48+00	report	MSEK
Nelly	Övriga skulder (kort)	81.0	2024	4	2026-04-02 13:20:48+00	report	MSEK
Nelly	Upplupna kostnader och förutbetalda intäkter	161.1	2024	4	2026-04-02 13:20:48+00	report	MSEK
Nelly	Summa kortfristiga skulder	363.3	2024	4	2026-04-02 13:20:48+00	report	MSEK
Nelly	Summa eget kapital och skulder	867.8	2024	4	2026-04-02 13:20:48+00	report	MSEK
Nelly	Kassaflöde löpande verksamheten före förändringar i rörelsekapitalet	55.3	2024	4	2026-04-02 13:20:48+00	report	MSEK
Nelly	Förändringar i rörelsekapitalet	16.5	2024	4	2026-04-02 13:20:48+00	report	MSEK
Nelly	Kassaflöde från rörelsen	71.8	2024	4	2026-04-02 13:20:48+00	report	MSEK
Nelly	Investeringar i anläggningstillgångar	-2.5	2024	4	2026-04-02 13:20:48+00	report	MSEK
Nelly	Kassaflöde till/från investeringsverksamheten	-2.5	2024	4	2026-04-02 13:20:48+00	report	MSEK
Nelly	Kassaflöde till/från finansieringsverksamheten	-32.8	2024	4	2026-04-02 13:20:48+00	report	MSEK
Nelly	Periodens förändring av likvida medel	36.5	2024	4	2026-04-02 13:20:48+00	report	MSEK
Nelly	Nettoomsättningstillväxt	5.5	2024	4	2026-04-02 13:20:48+00	report	%
Nelly	Returgrad	27.9	2024	4	2026-04-02 13:20:48+00	report	%
Nelly	Lager som andel av nettoomsättning R12	15.8	2024	4	2026-04-02 13:20:48+00	report	%
Nelly	Försäljningsandel egna varumärken	47.2	2024	4	2026-04-02 13:20:48+00	report	%
Nelly	Lagerhanterings- och distributionskostnader som andel av nettoomsättningen	12.7	2024	4	2026-04-02 13:20:48+00	report	%
Nelly	Marknadsföringskostnader som andel av nettoomsättningen	9.7	2024	4	2026-04-02 13:20:48+00	report	%
Nelly	Antal aktiva kunder i Norden R12 (000)	926	2024	4	2026-04-02 13:20:48+00	report	st
Nelly	Antal besök i Norden (000)	25104	2024	4	2026-04-02 13:20:48+00	report	st
Nelly	Antal ordrar i Norden (000)	529	2024	4	2026-04-02 13:20:48+00	report	st
Nelly	Genomsnittlig kundkorg i Norden	726	2024	4	2026-04-02 13:20:48+00	report	SEK
Nelly	Konverteringsgrad i Norden	2.1	2024	4	2026-04-02 13:20:48+00	report	%
Nelly	Antal anställda	150	2024	4	2026-04-02 13:20:48+00	report	st
Nelly	Andel kvinnliga anställda	64	2024	4	2026-04-02 13:20:48+00	report	%
Nelly	Avskrivningar av materiella anläggningstillgångar	-1.0	2024	4	2026-04-02 13:20:48+00	report	MSEK
Nelly	Avskrivningar av immateriella anläggningstillgångar	-3.8	2024	4	2026-04-02 13:20:48+00	report	MSEK
Nelly	Avskrivningar (ej inkluderat IFRS 16)	-4.8	2024	4	2026-04-02 13:20:48+00	report	MSEK
Nelly	Avskrivningar av nyttjanderättstillgångar	-8.9	2024	4	2026-04-02 13:20:48+00	report	MSEK
Nelly	Avskrivningar (Inkluderat IFRS 16)	-13.7	2024	4	2026-04-02 13:20:48+00	report	MSEK
Nelly	Nettoomsättning Sverige	160.1	2024	4	2026-04-02 13:20:48+00	report	MSEK
Nelly	Nettoomsättning Norden inklusive Sverige	312.5	2024	4	2026-04-02 13:20:48+00	report	MSEK
Nelly	Nettoomsättning Övriga världen	5.9	2024	4	2026-04-02 13:20:48+00	report	MSEK
Nelly	Nettoomsättning	247.8	2025	1	2026-04-02 13:20:48+00	report	MSEK
Nelly	Kostnad sålda varor	-119.9	2025	1	2026-04-02 13:20:48+00	report	MSEK
Nelly	Bruttoresultat	127.8	2025	1	2026-04-02 13:20:48+00	report	MSEK
Nelly	Bruttomarginal	51.6	2025	1	2026-04-02 13:20:48+00	report	%
Nelly	Lagerhanterings- och distributionskostnader	-30.3	2025	1	2026-04-02 13:20:48+00	report	MSEK
Nelly	Marknadsföringskostnader	-24.4	2025	1	2026-04-02 13:20:48+00	report	MSEK
Nelly	Administrations- och övriga rörelsekostnader	-53.1	2025	1	2026-04-02 13:20:48+00	report	MSEK
Nelly	Rörelseresultat	19.9	2025	1	2026-04-02 13:20:48+00	report	MSEK
Nelly	Rörelsemarginal	8.0	2025	1	2026-04-02 13:20:48+00	report	%
Nelly	Finansnetto	-3.7	2025	1	2026-04-02 13:20:48+00	report	MSEK
Nelly	Resultat före skatt	16.2	2025	1	2026-04-02 13:20:48+00	report	MSEK
Nelly	Skatt	0.1	2025	1	2026-04-02 13:20:48+00	report	MSEK
Nelly	Resultat efter skatt	16.3	2025	1	2026-04-02 13:20:48+00	report	MSEK
Nelly	Resultat per aktie	0.54	2025	1	2026-04-02 13:20:48+00	report	SEK
Nelly	Utestående aktier	30.0	2025	1	2026-04-02 13:20:48+00	report	Milj
Nelly	Goodwill	39.7	2025	1	2026-04-02 13:20:48+00	report	MSEK
Nelly	Övriga immateriella anläggningstillgångar	37.9	2025	1	2026-04-02 13:20:48+00	report	MSEK
Nelly	Materiella anläggningstillgångar	11.7	2025	1	2026-04-02 13:20:48+00	report	MSEK
Nelly	Nyttjanderättstillgångar	230.1	2025	1	2026-04-02 13:20:48+00	report	MSEK
Nelly	Uppskjuten skattefordran	76.3	2025	1	2026-04-02 13:20:48+00	report	MSEK
Nelly	Depositioner	37.0	2025	1	2026-04-02 13:20:48+00	report	MSEK
Nelly	Summa anläggningstillgångar	432.7	2025	1	2026-04-02 13:20:48+00	report	MSEK
Nelly	Varulager	202.8	2025	1	2026-04-02 13:20:48+00	report	MSEK
Nelly	Kortfristiga ej räntebärande fordringar	38.4	2025	1	2026-04-02 13:20:48+00	report	MSEK
Nelly	Likvida medel	172.6	2025	1	2026-04-02 13:20:48+00	report	MSEK
Nelly	Summa omsättningstillgångar	413.8	2025	1	2026-04-02 13:20:48+00	report	MSEK
Nelly	Summa tillgångar	846.5	2025	1	2026-04-02 13:20:48+00	report	MSEK
Nelly	Summa eget kapital	253.4	2025	1	2026-04-02 13:20:48+00	report	MSEK
Nelly	Avsättningar	0.0	2025	1	2026-04-02 13:20:48+00	report	MSEK
Nelly	Övriga skulder (lång)	42.9	2025	1	2026-04-02 13:20:48+00	report	MSEK
Nelly	Leasingskulder (lång)	217.7	2025	1	2026-04-02 13:20:48+00	report	MSEK
Nelly	Summa långfristiga skulder	260.6	2025	1	2026-04-02 13:20:48+00	report	MSEK
Nelly	Leasingskulder (kort)	34.9	2025	1	2026-04-02 13:20:48+00	report	MSEK
Nelly	Leverantörsskulder	111.8	2025	1	2026-04-02 13:20:48+00	report	MSEK
Nelly	Övriga skulder (kort)	59.1	2025	1	2026-04-02 13:20:48+00	report	MSEK
Nelly	Upplupna kostnader och förutbetalda intäkter	126.8	2025	1	2026-04-02 13:20:48+00	report	MSEK
Nelly	Summa kortfristiga skulder	332.5	2025	1	2026-04-02 13:20:48+00	report	MSEK
Nelly	Summa eget kapital och skulder	846.5	2025	1	2026-04-02 13:20:48+00	report	MSEK
Nelly	Kassaflöde löpande verksamheten före förändringar i rörelsekapitalet	29.4	2025	1	2026-04-02 13:20:48+00	report	MSEK
Nelly	Förändringar i rörelsekapitalet	-42.4	2025	1	2026-04-02 13:20:48+00	report	MSEK
Nelly	Kassaflöde från rörelsen	-13.0	2025	1	2026-04-02 13:20:48+00	report	MSEK
Nelly	Investeringar i anläggningstillgångar	-3.5	2025	1	2026-04-02 13:20:48+00	report	MSEK
Nelly	Kassaflöde till/från investeringsverksamheten	-3.5	2025	1	2026-04-02 13:20:48+00	report	MSEK
Nelly	Kassaflöde till/från finansieringsverksamheten	-7.7	2025	1	2026-04-02 13:20:48+00	report	MSEK
Nelly	Periodens förändring av likvida medel	-24.2	2025	1	2026-04-02 13:20:48+00	report	MSEK
Nelly	Nettoomsättningstillväxt	11.5	2025	1	2026-04-02 13:20:48+00	report	%
Nelly	Returgrad	24.8	2025	1	2026-04-02 13:20:48+00	report	%
Nelly	Lager som andel av nettoomsättning R12	18.1	2025	1	2026-04-02 13:20:48+00	report	%
Nelly	Försäljningsandel egna varumärken	50.1	2025	1	2026-04-02 13:20:48+00	report	%
Nelly	Lagerhanterings- och distributionskostnader som andel av nettoomsättningen	12.2	2025	1	2026-04-02 13:20:48+00	report	%
Nelly	Marknadsföringskostnader som andel av nettoomsättningen	9.9	2025	1	2026-04-02 13:20:48+00	report	%
Nelly	Antal aktiva kunder i Norden R12 (000)	928	2025	1	2026-04-02 13:20:48+00	report	st
Nelly	Antal besök i Norden (000)	21553	2025	1	2026-04-02 13:20:48+00	report	st
Nelly	Antal ordrar i Norden (000)	399	2025	1	2026-04-02 13:20:48+00	report	st
Nelly	Genomsnittlig kundkorg i Norden	752	2025	1	2026-04-02 13:20:48+00	report	SEK
Nelly	Konverteringsgrad i Norden	1.9	2025	1	2026-04-02 13:20:48+00	report	%
Nelly	Antal anställda	145	2025	1	2026-04-02 13:20:48+00	report	st
Nelly	Andel kvinnliga anställda	63	2025	1	2026-04-02 13:20:48+00	report	%
Nelly	Avskrivningar av materiella anläggningstillgångar	-1.1	2025	1	2026-04-02 13:20:48+00	report	MSEK
Nelly	Avskrivningar av immateriella anläggningstillgångar	-3.8	2025	1	2026-04-02 13:20:48+00	report	MSEK
Nelly	Avskrivningar (ej inkluderat IFRS 16)	-4.9	2025	1	2026-04-02 13:20:48+00	report	MSEK
Nelly	Avskrivningar av nyttjanderättstillgångar	-8.3	2025	1	2026-04-02 13:20:48+00	report	MSEK
Nelly	Avskrivningar (Inkluderat IFRS 16)	-13.2	2025	1	2026-04-02 13:20:48+00	report	MSEK
Nelly	Nettoomsättning Sverige	126.5	2025	1	2026-04-02 13:20:48+00	report	MSEK
Nelly	Nettoomsättning Norden inklusive Sverige	239.8	2025	1	2026-04-02 13:20:48+00	report	MSEK
Nelly	Nettoomsättning Övriga världen	7.9	2025	1	2026-04-02 13:20:48+00	report	MSEK
Nelly	Nettoomsättning	361.7	2025	2	2026-04-02 13:20:48+00	report	MSEK
Nelly	Kostnad sålda varor	-164.7	2025	2	2026-04-02 13:20:48+00	report	MSEK
Nelly	Bruttoresultat	196.9	2025	2	2026-04-02 13:20:48+00	report	MSEK
Nelly	Bruttomarginal	54.5	2025	2	2026-04-02 13:20:48+00	report	%
Nelly	Lagerhanterings- och distributionskostnader	-42.7	2025	2	2026-04-02 13:20:48+00	report	MSEK
Nelly	Marknadsföringskostnader	-36.2	2025	2	2026-04-02 13:20:48+00	report	MSEK
Nelly	Administrations- och övriga rörelsekostnader	-62.6	2025	2	2026-04-02 13:20:48+00	report	MSEK
Nelly	Rörelseresultat	55.4	2025	2	2026-04-02 13:20:48+00	report	MSEK
Nelly	Rörelsemarginal	15.3	2025	2	2026-04-02 13:20:48+00	report	%
Nelly	Finansnetto	-3.0	2025	2	2026-04-02 13:20:48+00	report	MSEK
Nelly	Resultat före skatt	52.4	2025	2	2026-04-02 13:20:48+00	report	MSEK
Nelly	Skatt	0.1	2025	2	2026-04-02 13:20:48+00	report	MSEK
Nelly	Resultat efter skatt	52.4	2025	2	2026-04-02 13:20:48+00	report	MSEK
Nelly	Resultat per aktie	1.75	2025	2	2026-04-02 13:20:48+00	report	SEK
Nelly	Utestående aktier	30.0	2025	2	2026-04-02 13:20:48+00	report	Milj
Nelly	Goodwill	39.7	2025	2	2026-04-02 13:20:48+00	report	MSEK
Nelly	Övriga immateriella anläggningstillgångar	41.7	2025	2	2026-04-02 13:20:48+00	report	MSEK
Nelly	Materiella anläggningstillgångar	12.1	2025	2	2026-04-02 13:20:48+00	report	MSEK
Nelly	Nyttjanderättstillgångar	221.9	2025	2	2026-04-02 13:20:48+00	report	MSEK
Nelly	Uppskjuten skattefordran	76.4	2025	2	2026-04-02 13:20:48+00	report	MSEK
Nelly	Depositioner	37.0	2025	2	2026-04-02 13:20:48+00	report	MSEK
Nelly	Summa anläggningstillgångar	428.8	2025	2	2026-04-02 13:20:48+00	report	MSEK
Nelly	Varulager	172.0	2025	2	2026-04-02 13:20:48+00	report	MSEK
Nelly	Kortfristiga ej räntebärande fordringar	53.4	2025	2	2026-04-02 13:20:48+00	report	MSEK
Nelly	Likvida medel	259.6	2025	2	2026-04-02 13:20:48+00	report	MSEK
Nelly	Summa omsättningstillgångar	485.0	2025	2	2026-04-02 13:20:48+00	report	MSEK
Nelly	Summa tillgångar	913.8	2025	2	2026-04-02 13:20:48+00	report	MSEK
Nelly	Summa eget kapital	306.2	2025	2	2026-04-02 13:20:48+00	report	MSEK
Nelly	Avsättningar	0.0	2025	2	2026-04-02 13:20:48+00	report	MSEK
Nelly	Övriga skulder (lång)	37.6	2025	2	2026-04-02 13:20:48+00	report	MSEK
Nelly	Leasingskulder (lång)	210.8	2025	2	2026-04-02 13:20:48+00	report	MSEK
Nelly	Summa långfristiga skulder	248.4	2025	2	2026-04-02 13:20:48+00	report	MSEK
Nelly	Leasingskulder (kort)	33.8	2025	2	2026-04-02 13:20:48+00	report	MSEK
Nelly	Leverantörsskulder	119.3	2025	2	2026-04-02 13:20:48+00	report	MSEK
Nelly	Övriga skulder (kort)	71.2	2025	2	2026-04-02 13:20:48+00	report	MSEK
Nelly	Upplupna kostnader och förutbetalda intäkter	135.0	2025	2	2026-04-02 13:20:48+00	report	MSEK
Nelly	Summa kortfristiga skulder	359.2	2025	2	2026-04-02 13:20:48+00	report	MSEK
Nelly	Summa eget kapital och skulder	913.8	2025	2	2026-04-02 13:20:48+00	report	MSEK
Nelly	Kassaflöde löpande verksamheten före förändringar i rörelsekapitalet	64.9	2025	2	2026-04-02 13:20:48+00	report	MSEK
Nelly	Förändringar i rörelsekapitalet	39.3	2025	2	2026-04-02 13:20:48+00	report	MSEK
Nelly	Kassaflöde från rörelsen	104.1	2025	2	2026-04-02 13:20:48+00	report	MSEK
Nelly	Investeringar i anläggningstillgångar	-9.2	2025	2	2026-04-02 13:20:48+00	report	MSEK
Nelly	Kassaflöde till/från investeringsverksamheten	-9.2	2025	2	2026-04-02 13:20:48+00	report	MSEK
Nelly	Kassaflöde till/från finansieringsverksamheten	-7.9	2025	2	2026-04-02 13:20:48+00	report	MSEK
Nelly	Periodens förändring av likvida medel	87.1	2025	2	2026-04-02 13:20:48+00	report	MSEK
Nelly	Nettoomsättningstillväxt	15.1	2025	2	2026-04-02 13:20:48+00	report	%
Nelly	Returgrad	28.4	2025	2	2026-04-02 13:20:48+00	report	%
Nelly	Lager som andel av nettoomsättning R12	14.7	2025	2	2026-04-02 13:20:48+00	report	%
Nelly	Försäljningsandel egna varumärken	54.8	2025	2	2026-04-02 13:20:48+00	report	%
Nelly	Lagerhanterings- och distributionskostnader som andel av nettoomsättningen	11.8	2025	2	2026-04-02 13:20:48+00	report	%
Nelly	Marknadsföringskostnader som andel av nettoomsättningen	10.0	2025	2	2026-04-02 13:20:48+00	report	%
Nelly	Antal aktiva kunder i Norden R12 (000)	968	2025	2	2026-04-02 13:20:48+00	report	st
Nelly	Antal besök i Norden (000)	26925	2025	2	2026-04-02 13:20:48+00	report	st
Nelly	Antal ordrar i Norden (000)	574	2025	2	2026-04-02 13:20:48+00	report	st
Nelly	Genomsnittlig kundkorg i Norden	754	2025	2	2026-04-02 13:20:48+00	report	SEK
Nelly	Konverteringsgrad i Norden	2.1	2025	2	2026-04-02 13:20:48+00	report	%
Nelly	Antal anställda	157	2025	2	2026-04-02 13:20:48+00	report	st
Nelly	Andel kvinnliga anställda	64	2025	2	2026-04-02 13:20:48+00	report	%
Nelly	Avskrivningar av materiella anläggningstillgångar	-1.2	2025	2	2026-04-02 13:20:48+00	report	MSEK
Nelly	Avskrivningar av immateriella anläggningstillgångar	-3.8	2025	2	2026-04-02 13:20:48+00	report	MSEK
Nelly	Avskrivningar (ej inkluderat IFRS 16)	-4.9	2025	2	2026-04-02 13:20:48+00	report	MSEK
Nelly	Avskrivningar av nyttjanderättstillgångar	-8.3	2025	2	2026-04-02 13:20:48+00	report	MSEK
Nelly	Avskrivningar (Inkluderat IFRS 16)	-13.2	2025	2	2026-04-02 13:20:48+00	report	MSEK
Nelly	Nettoomsättning Sverige	191.4	2025	2	2026-04-02 13:20:48+00	report	MSEK
Nelly	Nettoomsättning Norden inklusive Sverige	352.4	2025	2	2026-04-02 13:20:48+00	report	MSEK
Nelly	Nettoomsättning Övriga världen	9.2	2025	2	2026-04-02 13:20:48+00	report	MSEK
Nelly	Nettoomsättning	283.7	2025	3	2026-04-02 13:20:48+00	report	MSEK
Nelly	Kostnad sålda varor	-122.5	2025	3	2026-04-02 13:20:48+00	report	MSEK
Nelly	Bruttoresultat	161.2	2025	3	2026-04-02 13:20:48+00	report	MSEK
Nelly	Bruttomarginal	56.8	2025	3	2026-04-02 13:20:48+00	report	%
Nelly	Lagerhanterings- och distributionskostnader	-31.3	2025	3	2026-04-02 13:20:48+00	report	MSEK
Nelly	Marknadsföringskostnader	-26.8	2025	3	2026-04-02 13:20:48+00	report	MSEK
Nelly	Administrations- och övriga rörelsekostnader	-59.9	2025	3	2026-04-02 13:20:48+00	report	MSEK
Nelly	Rörelseresultat	43.3	2025	3	2026-04-02 13:20:48+00	report	MSEK
Nelly	Rörelsemarginal	15.3	2025	3	2026-04-02 13:20:48+00	report	%
Nelly	Finansiella intäkter	0.5	2025	3	2026-04-02 13:20:48+00	report	MSEK
Nelly	Finansiella kostnader	-2.3	2025	3	2026-04-02 13:20:48+00	report	MSEK
Nelly	Resultat före skatt	41.5	2025	3	2026-04-02 13:20:48+00	report	MSEK
Nelly	Skatt	0.1	2025	3	2026-04-02 13:20:48+00	report	MSEK
Nelly	Resultat efter skatt	41.5	2025	3	2026-04-02 13:20:48+00	report	MSEK
Nelly	Resultat per aktie	1.38	2025	3	2026-04-02 13:20:48+00	report	SEK
Nelly	Utestående aktier	30.0	2025	3	2026-04-02 13:20:48+00	report	Milj
Nelly	Goodwill	39.7	2025	3	2026-04-02 13:20:48+00	report	MSEK
Nelly	Övriga immateriella anläggningstillgångar	43.2	2025	3	2026-04-02 13:20:48+00	report	MSEK
Nelly	Materiella anläggningstillgångar	11.1	2025	3	2026-04-02 13:20:48+00	report	MSEK
Nelly	Nyttjanderättstillgångar	263.5	2025	3	2026-04-02 13:20:48+00	report	MSEK
Nelly	Uppskjuten skattefordran	76.4	2025	3	2026-04-02 13:20:48+00	report	MSEK
Nelly	Depositioner	37.1	2025	3	2026-04-02 13:20:48+00	report	MSEK
Nelly	Summa anläggningstillgångar	471.1	2025	3	2026-04-02 13:20:48+00	report	MSEK
Nelly	Varulager	227.8	2025	3	2026-04-02 13:20:48+00	report	MSEK
Nelly	Kortfristiga ej räntebärande fordringar	49.3	2025	3	2026-04-02 13:20:48+00	report	MSEK
Nelly	Likvida medel	226.7	2025	3	2026-04-02 13:20:48+00	report	MSEK
Nelly	Summa omsättningstillgångar	503.8	2025	3	2026-04-02 13:20:48+00	report	MSEK
Nelly	Summa tillgångar	974.9	2025	3	2026-04-02 13:20:48+00	report	MSEK
Nelly	Summa eget kapital	347.9	2025	3	2026-04-02 13:20:48+00	report	MSEK
Nelly	Avsättningar	1.4	2025	3	2026-04-02 13:20:48+00	report	MSEK
Nelly	Övriga skulder (lång)	37.5	2025	3	2026-04-02 13:20:48+00	report	MSEK
Nelly	Leasingskulder (lång)	247.7	2025	3	2026-04-02 13:20:48+00	report	MSEK
Nelly	Summa långfristiga skulder	286.5	2025	3	2026-04-02 13:20:48+00	report	MSEK
Nelly	Leasingskulder (kort)	38.9	2025	3	2026-04-02 13:20:48+00	report	MSEK
Nelly	Leverantörsskulder	137.8	2025	3	2026-04-02 13:20:48+00	report	MSEK
Nelly	Övriga skulder (kort)	49.2	2025	3	2026-04-02 13:20:48+00	report	MSEK
Nelly	Upplupna kostnader och förutbetalda intäkter	114.5	2025	3	2026-04-02 13:20:48+00	report	MSEK
Nelly	Summa kortfristiga skulder	340.4	2025	3	2026-04-02 13:20:48+00	report	MSEK
Nelly	Summa eget kapital och skulder	974.9	2025	3	2026-04-02 13:20:48+00	report	MSEK
Nelly	Kassaflöde löpande verksamheten före förändringar i rörelsekapitalet	54.0	2025	3	2026-04-02 13:20:48+00	report	MSEK
Nelly	Förändringar i rörelsekapitalet	-72.5	2025	3	2026-04-02 13:20:48+00	report	MSEK
Nelly	Kassaflöde från rörelsen	-18.5	2025	3	2026-04-02 13:20:48+00	report	MSEK
Nelly	Investeringar i anläggningstillgångar	-5.6	2025	3	2026-04-02 13:20:48+00	report	MSEK
Nelly	Kassaflöde till/från investeringsverksamheten	-5.6	2025	3	2026-04-02 13:20:48+00	report	MSEK
Nelly	Kassaflöde till/från finansieringsverksamheten	-8.7	2025	3	2026-04-02 13:20:48+00	report	MSEK
Nelly	Periodens förändring av likvida medel	-32.8	2025	3	2026-04-02 13:20:48+00	report	MSEK
Nelly	Nettoomsättningstillväxt	18.4	2025	3	2026-04-02 13:20:48+00	report	%
Nelly	Returgrad	26.1	2025	3	2026-04-02 13:20:48+00	report	%
Nelly	Lager som andel av nettoomsättning R12	18.8	2025	3	2026-04-02 13:20:48+00	report	%
Nelly	Försäljningsandel egna varumärken	62.2	2025	3	2026-04-02 13:20:48+00	report	%
Nelly	Lagerhanterings- och distributionskostnader som andel av nettoomsättningen	11.0	2025	3	2026-04-02 13:20:48+00	report	%
Nelly	Marknadsföringskostnader som andel av nettoomsättningen	9.4	2025	3	2026-04-02 13:20:48+00	report	%
Nelly	Antal aktiva kunder i Norden R12 (000)	1001	2025	3	2026-04-02 13:20:48+00	report	st
Nelly	Antal besök i Norden (000)	21079	2025	3	2026-04-02 13:20:48+00	report	st
Nelly	Antal ordrar i Norden (000)	423	2025	3	2026-04-02 13:20:48+00	report	st
Nelly	Genomsnittlig kundkorg i Norden	765	2025	3	2026-04-02 13:20:48+00	report	SEK
Nelly	Konverteringsgrad i Norden	2.0	2025	3	2026-04-02 13:20:48+00	report	%
Nelly	Antal anställda	169	2025	3	2026-04-02 13:20:48+00	report	st
Nelly	Andel kvinnliga anställda	65	2025	3	2026-04-02 13:20:48+00	report	%
Nelly	Avskrivningar av materiella anläggningstillgångar	-1.0	2025	3	2026-04-02 13:20:48+00	report	MSEK
Nelly	Avskrivningar av immateriella anläggningstillgångar	-3.8	2025	3	2026-04-02 13:20:48+00	report	MSEK
Nelly	Avskrivningar (ej inkluderat IFRS 16)	-4.8	2025	3	2026-04-02 13:20:48+00	report	MSEK
Nelly	Avskrivningar av nyttjanderättstillgångar	-9.1	2025	3	2026-04-02 13:20:48+00	report	MSEK
Nelly	Avskrivningar (Inkluderat IFRS 16)	-13.9	2025	3	2026-04-02 13:20:48+00	report	MSEK
Nelly	Nettoomsättning Sverige	142.8	2025	3	2026-04-02 13:20:48+00	report	MSEK
Nelly	Nettoomsättning Norden inklusive Sverige	267.9	2025	3	2026-04-02 13:20:48+00	report	MSEK
Nelly	Nettoomsättning Övriga världen	15.8	2025	3	2026-04-02 13:20:48+00	report	MSEK
Nelly	Nettoomsättning	370.5	2025	4	2026-04-02 13:20:48+00	report	MSEK
Nelly	Kostnad sålda varor	-170.4	2025	4	2026-04-02 13:20:48+00	report	MSEK
Nelly	Bruttoresultat	200.0	2025	4	2026-04-02 13:20:48+00	report	MSEK
Nelly	Bruttomarginal	54.0	2025	4	2026-04-02 13:20:48+00	report	%
Nelly	Lagerhanterings- och distributionskostnader	-42.3	2025	4	2026-04-02 13:20:48+00	report	MSEK
Nelly	Marknadsföringskostnader	-37.3	2025	4	2026-04-02 13:20:48+00	report	MSEK
Nelly	Administrations- och övriga rörelsekostnader	-72.6	2025	4	2026-04-02 13:20:48+00	report	MSEK
Nelly	Rörelseresultat	47.8	2025	4	2026-04-02 13:20:48+00	report	MSEK
Nelly	Rörelsemarginal	12.9	2025	4	2026-04-02 13:20:48+00	report	%
Nelly	Finansiella intäkter	0.8	2025	4	2026-04-02 13:20:48+00	report	MSEK
Nelly	Finansiella kostnader	-4.2	2025	4	2026-04-02 13:20:48+00	report	MSEK
Nelly	Resultat före skatt	44.4	2025	4	2026-04-02 13:20:48+00	report	MSEK
Nelly	Skatt	13.9	2025	4	2026-04-02 13:20:48+00	report	MSEK
Nelly	Resultat efter skatt	58.3	2025	4	2026-04-02 13:20:48+00	report	MSEK
Nelly	Resultat per aktie	1.94	2025	4	2026-04-02 13:20:48+00	report	SEK
Nelly	Utestående aktier	30.0	2025	4	2026-04-02 13:20:48+00	report	Milj
Nelly	Goodwill	39.7	2025	4	2026-04-02 13:20:48+00	report	MSEK
Nelly	Övriga immateriella anläggningstillgångar	44.3	2025	4	2026-04-02 13:20:48+00	report	MSEK
Nelly	Materiella anläggningstillgångar	18.9	2025	4	2026-04-02 13:20:48+00	report	MSEK
Nelly	Nyttjanderättstillgångar	269.7	2025	4	2026-04-02 13:20:48+00	report	MSEK
Nelly	Uppskjuten skattefordran	90.4	2025	4	2026-04-02 13:20:48+00	report	MSEK
Nelly	Depositioner	37.0	2025	4	2026-04-02 13:20:48+00	report	MSEK
Nelly	Summa anläggningstillgångar	500.0	2025	4	2026-04-02 13:20:48+00	report	MSEK
Nelly	Varulager	188.2	2025	4	2026-04-02 13:20:48+00	report	MSEK
Nelly	Kortfristiga ej räntebärande fordringar	47.7	2025	4	2026-04-02 13:20:48+00	report	MSEK
Nelly	Likvida medel	253.8	2025	4	2026-04-02 13:20:48+00	report	MSEK
Nelly	Summa omsättningstillgångar	489.7	2025	4	2026-04-02 13:20:48+00	report	MSEK
Nelly	Summa tillgångar	989.7	2025	4	2026-04-02 13:20:48+00	report	MSEK
Nelly	Summa eget kapital	406.4	2025	4	2026-04-02 13:20:48+00	report	MSEK
Nelly	Avsättningar	2.6	2025	4	2026-04-02 13:20:48+00	report	MSEK
Nelly	Övriga skulder (lång)	11.0	2025	4	2026-04-02 13:20:48+00	report	MSEK
Nelly	Leasingskulder (lång)	250.9	2025	4	2026-04-02 13:20:48+00	report	MSEK
Nelly	Summa långfristiga skulder	264.5	2025	4	2026-04-02 13:20:48+00	report	MSEK
Nelly	Leasingskulder (kort)	36.2	2025	4	2026-04-02 13:20:48+00	report	MSEK
Nelly	Leverantörsskulder	80.9	2025	4	2026-04-02 13:20:48+00	report	MSEK
Nelly	Övriga skulder (kort)	81.3	2025	4	2026-04-02 13:20:48+00	report	MSEK
Nelly	Upplupna kostnader och förutbetalda intäkter	120.4	2025	4	2026-04-02 13:20:48+00	report	MSEK
Nelly	Summa kortfristiga skulder	318.8	2025	4	2026-04-02 13:20:48+00	report	MSEK
Nelly	Summa eget kapital och skulder	989.7	2025	4	2026-04-02 13:20:48+00	report	MSEK
Nelly	Kassaflöde löpande verksamheten före förändringar i rörelsekapitalet	61.9	2025	4	2026-04-02 13:20:48+00	report	MSEK
Nelly	Förändringar i rörelsekapitalet	-11.1	2025	4	2026-04-02 13:20:48+00	report	MSEK
Nelly	Kassaflöde från rörelsen	50.8	2025	4	2026-04-02 13:20:48+00	report	MSEK
Nelly	Investeringar i anläggningstillgångar	-13.9	2025	4	2026-04-02 13:20:48+00	report	MSEK
Nelly	Kassaflöde till/från investeringsverksamheten	-13.9	2025	4	2026-04-02 13:20:48+00	report	MSEK
Nelly	Kassaflöde till/från finansieringsverksamheten	-9.7	2025	4	2026-04-02 13:20:48+00	report	MSEK
Nelly	Periodens förändring av likvida medel	27.2	2025	4	2026-04-02 13:20:48+00	report	MSEK
Nelly	Nettoomsättningstillväxt	16.4	2025	4	2026-04-02 13:20:48+00	report	%
Nelly	Returgrad	22.8	2025	4	2026-04-02 13:20:48+00	report	%
Nelly	Lager som andel av nettoomsättning R12	14.9	2025	4	2026-04-02 13:20:48+00	report	%
Nelly	Försäljningsandel egna varumärken	62.1	2025	4	2026-04-02 13:20:48+00	report	%
Nelly	Lagerhanterings- och distributionskostnader som andel av nettoomsättningen	11.4	2025	4	2026-04-02 13:20:48+00	report	%
Nelly	Marknadsföringskostnader som andel av nettoomsättningen	10.1	2025	4	2026-04-02 13:20:48+00	report	%
Nelly	Antal aktiva kunder i Norden R12 (000)	1029	2025	4	2026-04-02 13:20:48+00	report	st
Nelly	Antal besök i Norden (000)	25050	2025	4	2026-04-02 13:20:48+00	report	st
Nelly	Antal ordrar i Norden (000)	578	2025	4	2026-04-02 13:20:48+00	report	st
Nelly	Genomsnittlig kundkorg i Norden	656	2025	4	2026-04-02 13:20:48+00	report	SEK
Nelly	Konverteringsgrad i Norden	2.3	2025	4	2026-04-02 13:20:48+00	report	%
Nelly	Antal anställda	175	2025	4	2026-04-02 13:20:48+00	report	st
Nelly	Andel kvinnliga anställda	65	2025	4	2026-04-02 13:20:48+00	report	%
Nelly	Avskrivningar av materiella anläggningstillgångar	-1.9	2025	4	2026-04-02 13:20:48+00	report	MSEK
Nelly	Avskrivningar av immateriella anläggningstillgångar	-3.2	2025	4	2026-04-02 13:20:48+00	report	MSEK
Nelly	Avskrivningar (ej inkluderat IFRS 16)	-5.1	2025	4	2026-04-02 13:20:48+00	report	MSEK
Nelly	Avskrivningar av nyttjanderättstillgångar	-9.9	2025	4	2026-04-02 13:20:48+00	report	MSEK
Nelly	Avskrivningar (Inkluderat IFRS 16)	-15.0	2025	4	2026-04-02 13:20:48+00	report	MSEK
Nelly	Nettoomsättning Sverige	175.1	2025	4	2026-04-02 13:20:48+00	report	MSEK
Nelly	Nettoomsättning Norden inklusive Sverige	345.2	2025	4	2026-04-02 13:20:48+00	report	MSEK
Nelly	Nettoomsättning Övriga världen	25.3	2025	4	2026-04-02 13:20:48+00	report	MSEK
Nelly	Scope 1 utsläpp	10.9	2023	0	2026-04-02 13:20:48+00	report	ton CO2e
Nelly	Scope 2 utsläpp (marknadsbaserad)	15.35	2023	0	2026-04-02 13:20:48+00	report	ton CO2e
Nelly	Scope 1+2 utsläpp	26.25	2023	0	2026-04-02 13:20:48+00	report	ton CO2e
Nelly	Scope 3 - Inköpta produkter och tjänster	12960	2023	0	2026-04-02 13:20:48+00	report	ton CO2e
Nelly	Scope 3 - Transport och distribution	456	2023	0	2026-04-02 13:20:48+00	report	ton CO2e
Nelly	Scope 3 - Affärsresor	497	2023	0	2026-04-02 13:20:48+00	report	ton CO2e
Nelly	Scope 3 - Energianvändning i lokaler	67	2023	0	2026-04-02 13:20:48+00	report	ton CO2e
Nelly	Scope 3 utsläpp totalt	13959	2023	0	2026-04-02 13:20:48+00	report	ton CO2e
Nelly	Totala växthusgasutsläpp	13985	2023	0	2026-04-02 13:20:48+00	report	ton CO2e
Nelly	Scope 1 utsläpp	10.2	2024	0	2026-04-02 13:20:48+00	report	ton CO2e
Nelly	Scope 2 utsläpp (marknadsbaserad)	72.9	2024	0	2026-04-02 13:20:48+00	report	ton CO2e
Nelly	Scope 1+2 utsläpp	83.1	2024	0	2026-04-02 13:20:48+00	report	ton CO2e
Nelly	Scope 3 - Inköpta produkter och tjänster	14754	2024	0	2026-04-02 13:20:48+00	report	ton CO2e
Nelly	Scope 3 - Inköpta produkter Tier 1 produktion	1224	2024	0	2026-04-02 13:20:48+00	report	ton CO2e
Nelly	Scope 3 - Inköpta produkter material Tier 2-4	13294	2024	0	2026-04-02 13:20:48+00	report	ton CO2e
Nelly	Scope 3 - Inköpta produkter förpackningsmaterial	187	2024	0	2026-04-02 13:20:48+00	report	ton CO2e
Nelly	Scope 3 - Transport och distribution	602	2024	0	2026-04-02 13:20:48+00	report	ton CO2e
Nelly	Scope 3 - Affärsresor	154	2024	0	2026-04-02 13:20:48+00	report	ton CO2e
Nelly	Scope 3 - Energianvändning i lokaler	108	2024	0	2026-04-02 13:20:48+00	report	ton CO2e
Nelly	Scope 3 utsläpp totalt	15551	2024	0	2026-04-02 13:20:48+00	report	ton CO2e
Nelly	Totala växthusgasutsläpp	15634	2024	0	2026-04-02 13:20:48+00	report	ton CO2e
